cluster_id,vocab,sleep_wake,session,item,target,RT
AmPm0cde,33,sleep,1,agouti,1,2166.7
AmPm0cde,33,wake,1,banyan,1,1502.3
AmPm0cde,33,wake,1,baobab,1,863.1
AmPm0cde,33,sleep,1,blenny,0,NA
AmPm0cde,33,wake,1,caracal,1,873.3
AmPm0cde,33,wake,1,deglupta,0,NA
AmPm0cde,33,sleep,1,dingo,0,NA
AmPm0cde,33,sleep,1,dorado,0,NA
AmPm0cde,33,wake,1,drongo,0,NA
AmPm0cde,33,wake,1,galah,0,NA
AmPm0cde,33,wake,1,gelada,0,NA
AmPm0cde,33,wake,1,hoopoe,1,1541.7
AmPm0cde,33,sleep,1,komondor,1,1860.5
AmPm0cde,33,wake,1,lesula,0,NA
AmPm0cde,33,sleep,1,lycaon,0,NA
AmPm0cde,33,wake,1,mandrill,1,733.3
AmPm0cde,33,sleep,1,marmot,1,2636.1
AmPm0cde,33,wake,1,oncilla,0,NA
AmPm0cde,33,sleep,1,oranda,0,NA
AmPm0cde,33,sleep,1,protea,0,NA
AmPm0cde,33,wake,1,serval,0,NA
AmPm0cde,33,sleep,1,trillium,0,NA
AmPm0cde,33,sleep,1,woylie,0,NA
AmPm0cde,33,sleep,1,zinnia,0,NA
AmPm0cde,33,sleep,2,agouti,1,878
AmPm0cde,33,wake,2,banyan,1,1167.8
AmPm0cde,33,wake,2,baobab,0,NA
AmPm0cde,33,sleep,2,blenny,1,1119.9
AmPm0cde,33,wake,2,caracal,1,1199.8
AmPm0cde,33,wake,2,deglupta,0,NA
AmPm0cde,33,sleep,2,dingo,0,NA
AmPm0cde,33,sleep,2,dorado,0,NA
AmPm0cde,33,wake,2,drongo,0,NA
AmPm0cde,33,wake,2,galah,0,NA
AmPm0cde,33,wake,2,gelada,0,NA
AmPm0cde,33,wake,2,hoopoe,1,1097.5
AmPm0cde,33,sleep,2,komondor,1,990.9
AmPm0cde,33,wake,2,lesula,0,NA
AmPm0cde,33,sleep,2,lycaon,0,NA
AmPm0cde,33,wake,2,mandrill,1,871.6
AmPm0cde,33,sleep,2,marmot,1,1513.6
AmPm0cde,33,wake,2,oncilla,0,NA
AmPm0cde,33,sleep,2,oranda,0,NA
AmPm0cde,33,sleep,2,protea,0,NA
AmPm0cde,33,wake,2,serval,0,NA
AmPm0cde,33,sleep,2,trillium,0,NA
AmPm0cde,33,sleep,2,woylie,0,NA
AmPm0cde,33,sleep,2,zinnia,0,NA
AmPm5cd0,37,wake,2,drongo,0,NA
AmPm5cd0,37,wake,2,deglupta,0,NA
AmPm5cd0,37,sleep,2,dingo,0,NA
AmPm5cd0,37,sleep,2,dorado,0,NA
AmPm5cd0,37,wake,2,caracal,0,NA
AmPm5cd0,37,sleep,2,agouti,0,NA
AmPm5cd0,37,wake,2,banyan,0,NA
AmPm5cd0,37,wake,2,baobab,0,NA
AmPm5cd0,37,sleep,2,blenny,1,973.4
AmPm5cd0,37,wake,2,galah,0,NA
AmPm5cd0,37,wake,2,gelada,0,NA
AmPm5cd0,37,wake,2,hoopoe,1,1020.4
AmPm5cd0,37,sleep,1,agouti,0,NA
AmPm5cd0,37,wake,1,banyan,1,2563.5
AmPm5cd0,37,wake,1,baobab,1,2544.1
AmPm5cd0,37,sleep,1,blenny,1,1199
AmPm5cd0,37,wake,1,caracal,0,NA
AmPm5cd0,37,wake,1,deglupta,0,NA
AmPm5cd0,37,sleep,1,dingo,0,NA
AmPm5cd0,37,sleep,1,dorado,0,NA
AmPm5cd0,37,wake,1,drongo,0,NA
AmPm5cd0,37,wake,1,galah,0,NA
AmPm5cd0,37,wake,1,gelada,0,NA
AmPm5cd0,37,wake,1,hoopoe,1,909.9
AmPm5cd0,37,sleep,1,komondor,0,NA
AmPm5cd0,37,wake,1,lesula,0,NA
AmPm5cd0,37,sleep,1,lycaon,0,NA
AmPm5cd0,37,wake,1,mandrill,1,2500
AmPm5cd0,37,sleep,1,marmot,0,NA
AmPm5cd0,37,wake,1,oncilla,0,NA
AmPm5cd0,37,sleep,1,oranda,1,1700.7
AmPm5cd0,37,sleep,1,protea,0,NA
AmPm5cd0,37,wake,1,serval,0,NA
AmPm5cd0,37,sleep,1,trillium,1,2037.7
AmPm5cd0,37,sleep,1,woylie,0,NA
AmPm5cd0,37,sleep,1,zinnia,0,NA
AmPm5cd0,37,wake,2,serval,0,NA
AmPm5cd0,37,sleep,2,trillium,1,1240.8
AmPm5cd0,37,sleep,2,komondor,0,NA
AmPm5cd0,37,wake,2,lesula,0,NA
AmPm5cd0,37,sleep,2,lycaon,0,NA
AmPm5cd0,37,wake,2,mandrill,1,3352
AmPm5cd0,37,sleep,2,marmot,1,3852.5
AmPm5cd0,37,wake,2,oncilla,1,1115.5
AmPm5cd0,37,sleep,2,oranda,1,1002.3
AmPm5cd0,37,sleep,2,protea,0,NA
AmPm5cd0,37,sleep,2,woylie,0,NA
AmPm5cd0,37,sleep,2,zinnia,0,NA
AmPm46f8,36,wake,1,serval,1,1506
AmPm46f8,36,sleep,1,protea,0,NA
AmPm46f8,36,wake,1,gelada,0,NA
AmPm46f8,36,sleep,1,agouti,1,1656.5
AmPm46f8,36,wake,1,banyan,0,NA
AmPm46f8,36,wake,1,baobab,1,1474.8
AmPm46f8,36,sleep,1,blenny,1,1442.7
AmPm46f8,36,wake,1,caracal,1,2689.2
AmPm46f8,36,wake,1,deglupta,1,1116.8
AmPm46f8,36,sleep,1,dingo,1,1260.1
AmPm46f8,36,sleep,1,dorado,0,NA
AmPm46f8,36,wake,1,drongo,1,2485.3
AmPm46f8,36,wake,1,galah,1,1894
AmPm46f8,36,sleep,1,zinnia,0,NA
AmPm46f8,36,wake,1,hoopoe,1,841.3
AmPm46f8,36,sleep,1,komondor,0,NA
AmPm46f8,36,wake,1,lesula,0,NA
AmPm46f8,36,sleep,1,lycaon,0,NA
AmPm46f8,36,wake,1,mandrill,1,836
AmPm46f8,36,sleep,1,marmot,0,NA
AmPm46f8,36,wake,1,oncilla,1,1227.3
AmPm46f8,36,sleep,1,oranda,1,1502.3
AmPm46f8,36,sleep,2,agouti,1,872.2
AmPm46f8,36,sleep,1,trillium,1,1193.3
AmPm46f8,36,sleep,1,woylie,0,NA
AmPm46f8,36,wake,2,hoopoe,1,856.3
AmPm46f8,36,sleep,2,komondor,0,NA
AmPm46f8,36,wake,2,lesula,0,NA
AmPm46f8,36,wake,2,banyan,1,2974.5
AmPm46f8,36,wake,2,baobab,1,1187.6
AmPm46f8,36,sleep,2,blenny,1,940.5
AmPm46f8,36,wake,2,caracal,0,NA
AmPm46f8,36,wake,2,deglupta,0,NA
AmPm46f8,36,sleep,2,dingo,1,941
AmPm46f8,36,sleep,2,dorado,0,NA
AmPm46f8,36,wake,2,drongo,1,894
AmPm46f8,36,wake,2,galah,1,1473.2
AmPm46f8,36,wake,2,gelada,0,NA
AmPm46f8,36,wake,2,mandrill,0,NA
AmPm46f8,36,sleep,2,marmot,1,2578.9
AmPm46f8,36,wake,2,oncilla,1,1184.8
AmPm46f8,36,sleep,2,lycaon,0,NA
AmPm46f8,36,sleep,2,protea,0,NA
AmPm46f8,36,wake,2,serval,1,2104.3
AmPm46f8,36,sleep,2,trillium,1,818.6
AmPm46f8,36,sleep,2,oranda,0,NA
AmPm46f8,36,sleep,2,zinnia,0,NA
AmPm46f8,36,sleep,2,woylie,1,1074.3
AmPm420f,37,wake,1,komondor,1,757.9
AmPm420f,37,wake,1,agouti,1,910.7
AmPm420f,37,sleep,1,gelada,1,1193.5
AmPm420f,37,sleep,1,hoopoe,1,971.5
AmPm420f,37,wake,1,blenny,1,827.4
AmPm420f,37,sleep,1,caracal,0,NA
AmPm420f,37,sleep,1,banyan,0,NA
AmPm420f,37,sleep,1,baobab,0,NA
AmPm420f,37,wake,1,dorado,0,NA
AmPm420f,37,sleep,1,drongo,1,799.6
AmPm420f,37,sleep,1,galah,0,NA
AmPm420f,37,sleep,1,deglupta,0,NA
AmPm420f,37,wake,1,dingo,1,737.7
AmPm420f,37,wake,2,agouti,0,NA
AmPm420f,37,sleep,2,banyan,0,NA
AmPm420f,37,sleep,2,baobab,0,NA
AmPm420f,37,wake,2,blenny,1,849.2
AmPm420f,37,sleep,2,caracal,0,NA
AmPm420f,37,sleep,2,deglupta,0,NA
AmPm420f,37,wake,2,dingo,1,692.2
AmPm420f,37,wake,2,dorado,0,NA
AmPm420f,37,sleep,2,drongo,1,1041.7
AmPm420f,37,sleep,2,galah,0,NA
AmPm420f,37,sleep,2,gelada,0,NA
AmPm420f,37,sleep,2,hoopoe,1,841.3
AmPm420f,37,wake,2,komondor,0,NA
AmPm420f,37,sleep,2,lesula,1,1989.8
AmPm420f,37,wake,2,lycaon,0,NA
AmPm420f,37,sleep,2,mandrill,1,1538.7
AmPm420f,37,wake,2,marmot,1,1120.3
AmPm420f,37,sleep,2,oncilla,1,1079.1
AmPm420f,37,wake,2,oranda,0,NA
AmPm420f,37,wake,2,protea,0,NA
AmPm420f,37,sleep,2,serval,1,1081.8
AmPm420f,37,wake,2,trillium,0,NA
AmPm420f,37,wake,2,woylie,1,754.7
AmPm420f,37,wake,2,zinnia,0,NA
AmPm420f,37,sleep,1,lesula,1,1016.7
AmPm420f,37,wake,1,lycaon,0,NA
AmPm420f,37,wake,1,oranda,0,NA
AmPm420f,37,wake,1,protea,1,1403.1
AmPm420f,37,sleep,1,serval,1,925.2
AmPm420f,37,wake,1,trillium,0,NA
AmPm420f,37,wake,1,woylie,1,948.1
AmPm420f,37,wake,1,zinnia,1,3130.5
AmPm420f,37,sleep,1,mandrill,1,1017.9
AmPm420f,37,wake,1,marmot,1,964
AmPm420f,37,sleep,1,oncilla,0,NA
AmPm96bc,NA,wake,1,agouti,1,2266.2
AmPm96bc,NA,sleep,1,baobab,1,3897.4
AmPm96bc,NA,wake,1,blenny,1,1627.6
AmPm96bc,NA,sleep,1,caracal,0,NA
AmPm96bc,NA,sleep,1,deglupta,0,NA
AmPm96bc,NA,wake,1,dingo,1,790.4
AmPm96bc,NA,wake,1,dorado,1,1479.2
AmPm96bc,NA,sleep,1,drongo,1,1250
AmPm96bc,NA,sleep,1,galah,0,NA
AmPm96bc,NA,sleep,1,gelada,0,NA
AmPm96bc,NA,sleep,1,hoopoe,0,NA
AmPm96bc,NA,wake,1,komondor,1,978.2
AmPm96bc,NA,sleep,1,lesula,0,NA
AmPm96bc,NA,wake,1,lycaon,1,1966.8
AmPm96bc,NA,sleep,1,mandrill,1,1195.6
AmPm96bc,NA,wake,1,marmot,1,786.6
AmPm96bc,NA,sleep,1,oncilla,0,NA
AmPm96bc,NA,wake,1,oranda,0,NA
AmPm96bc,NA,wake,1,protea,1,854.9
AmPm96bc,NA,sleep,1,serval,1,3986
AmPm96bc,NA,wake,1,trillium,0,NA
AmPm96bc,NA,wake,1,woylie,1,839.7
AmPm96bc,NA,wake,1,zinnia,1,871
AmPm96bc,NA,wake,2,agouti,1,1625.9
AmPm96bc,NA,sleep,2,baobab,1,1571.4
AmPm96bc,NA,wake,2,blenny,1,1000
AmPm96bc,NA,sleep,2,caracal,0,NA
AmPm96bc,NA,sleep,2,deglupta,0,NA
AmPm96bc,NA,wake,2,dingo,1,1057.7
AmPm96bc,NA,wake,2,dorado,1,2095.2
AmPm96bc,NA,sleep,2,drongo,1,1058.7
AmPm96bc,NA,sleep,2,galah,0,NA
AmPm96bc,NA,sleep,2,gelada,0,NA
AmPm96bc,NA,sleep,2,hoopoe,0,NA
AmPm96bc,NA,wake,2,komondor,1,1455.8
AmPm96bc,NA,sleep,2,lesula,1,1155.6
AmPm96bc,NA,wake,2,lycaon,1,1262.8
AmPm96bc,NA,sleep,2,mandrill,1,886.6
AmPm96bc,NA,wake,2,marmot,1,2566.9
AmPm96bc,NA,sleep,2,oncilla,0,NA
AmPm96bc,NA,wake,2,oranda,1,1524.7
AmPm96bc,NA,wake,2,protea,1,882.7
AmPm96bc,NA,sleep,2,serval,1,4009.6
AmPm96bc,NA,wake,2,trillium,0,NA
AmPm96bc,NA,wake,2,woylie,1,988.7
AmPm96bc,NA,wake,2,zinnia,1,1289.7
AmPm874d,41,wake,2,agouti,1,3333.3
AmPm874d,41,sleep,2,deglupta,0,NA
AmPm874d,41,wake,2,dingo,0,NA
AmPm874d,41,wake,2,dorado,0,NA
AmPm874d,41,sleep,2,drongo,1,891.2
AmPm874d,41,sleep,2,galah,0,NA
AmPm874d,41,sleep,2,gelada,1,1644
AmPm874d,41,sleep,2,hoopoe,1,868.5
AmPm874d,41,wake,2,komondor,0,NA
AmPm874d,41,sleep,2,lesula,0,NA
AmPm874d,41,sleep,2,banyan,1,1114.8
AmPm874d,41,sleep,2,baobab,1,1676.9
AmPm874d,41,wake,2,blenny,0,NA
AmPm874d,41,sleep,2,caracal,0,NA
AmPm874d,41,wake,2,lycaon,0,NA
AmPm874d,41,sleep,2,mandrill,1,778.1
AmPm874d,41,wake,1,agouti,0,NA
AmPm874d,41,sleep,1,banyan,1,1048.8
AmPm874d,41,sleep,1,baobab,0,NA
AmPm874d,41,wake,1,blenny,0,NA
AmPm874d,41,sleep,1,caracal,0,NA
AmPm874d,41,sleep,1,deglupta,0,NA
AmPm874d,41,wake,1,dingo,0,NA
AmPm874d,41,wake,1,dorado,0,NA
AmPm874d,41,sleep,1,drongo,0,NA
AmPm874d,41,sleep,1,galah,0,NA
AmPm874d,41,sleep,1,gelada,1,1261.5
AmPm874d,41,sleep,1,hoopoe,1,700.7
AmPm874d,41,wake,1,komondor,0,NA
AmPm874d,41,sleep,1,lesula,0,NA
AmPm874d,41,wake,1,lycaon,0,NA
AmPm874d,41,sleep,1,mandrill,1,768.6
AmPm874d,41,wake,1,marmot,0,NA
AmPm874d,41,sleep,1,oncilla,0,NA
AmPm874d,41,wake,1,oranda,0,NA
AmPm874d,41,wake,1,protea,0,NA
AmPm874d,41,sleep,1,serval,0,NA
AmPm874d,41,wake,1,trillium,1,859
AmPm874d,41,wake,1,woylie,0,NA
AmPm874d,41,wake,1,zinnia,0,NA
AmPm874d,41,sleep,2,serval,0,NA
AmPm874d,41,wake,2,trillium,0,NA
AmPm874d,41,wake,2,woylie,0,NA
AmPm874d,41,wake,2,zinnia,0,NA
AmPm874d,41,wake,2,marmot,0,NA
AmPm874d,41,sleep,2,oncilla,0,NA
AmPm874d,41,wake,2,oranda,0,NA
AmPm874d,41,wake,2,protea,0,NA
AmPm181c,37,sleep,1,banyan,0,NA
AmPm181c,37,wake,1,agouti,1,7494.9
AmPm181c,37,wake,1,protea,1,6339.3
AmPm181c,37,sleep,1,serval,0,NA
AmPm181c,37,wake,1,trillium,1,1060.1
AmPm181c,37,wake,1,woylie,0,NA
AmPm181c,37,wake,1,zinnia,0,NA
AmPm181c,37,sleep,1,gelada,0,NA
AmPm181c,37,sleep,1,hoopoe,0,NA
AmPm181c,37,wake,1,komondor,1,1278.3
AmPm181c,37,sleep,1,lesula,0,NA
AmPm181c,37,wake,1,lycaon,0,NA
AmPm181c,37,sleep,1,baobab,1,3010.5
AmPm181c,37,wake,1,blenny,1,2461.7
AmPm181c,37,sleep,1,caracal,0,NA
AmPm181c,37,sleep,1,deglupta,0,NA
AmPm181c,37,wake,1,dingo,1,935.4
AmPm181c,37,wake,1,dorado,0,NA
AmPm181c,37,sleep,1,drongo,0,NA
AmPm181c,37,sleep,1,galah,0,NA
AmPm181c,37,wake,2,blenny,1,1262.9
AmPm181c,37,sleep,2,caracal,0,NA
AmPm181c,37,sleep,2,deglupta,1,1707.8
AmPm181c,37,sleep,1,mandrill,1,915.8
AmPm181c,37,wake,1,marmot,0,NA
AmPm181c,37,sleep,1,oncilla,0,NA
AmPm181c,37,wake,1,oranda,0,NA
AmPm181c,37,wake,2,agouti,1,4813.8
AmPm181c,37,sleep,2,banyan,1,1519
AmPm181c,37,sleep,2,baobab,1,860.1
AmPm181c,37,wake,2,dingo,1,2526.2
AmPm181c,37,wake,2,dorado,0,NA
AmPm181c,37,sleep,2,oncilla,1,2346.8
AmPm181c,37,sleep,2,hoopoe,1,1068
AmPm181c,37,wake,2,komondor,1,1105.4
AmPm181c,37,sleep,2,lesula,0,NA
AmPm181c,37,wake,2,lycaon,0,NA
AmPm181c,37,sleep,2,mandrill,1,727.6
AmPm181c,37,wake,2,marmot,0,NA
AmPm181c,37,sleep,2,drongo,0,NA
AmPm181c,37,wake,2,oranda,0,NA
AmPm181c,37,wake,2,protea,0,NA
AmPm181c,37,sleep,2,serval,0,NA
AmPm181c,37,sleep,2,galah,0,NA
AmPm181c,37,sleep,2,gelada,0,NA
AmPm181c,37,wake,2,zinnia,0,NA
AmPm181c,37,wake,2,trillium,1,NA
AmPm181c,37,wake,2,woylie,0,NA
AmPm10e8,30,sleep,1,caracal,0,NA
AmPm10e8,30,sleep,1,banyan,0,NA
AmPm10e8,30,sleep,1,baobab,0,NA
AmPm10e8,30,wake,1,blenny,0,NA
AmPm10e8,30,sleep,1,drongo,1,980.6
AmPm10e8,30,sleep,1,deglupta,0,NA
AmPm10e8,30,wake,1,dingo,1,1323.7
AmPm10e8,30,wake,1,dorado,0,NA
AmPm10e8,30,wake,1,komondor,1,764.2
AmPm10e8,30,sleep,1,lesula,0,NA
AmPm10e8,30,wake,1,lycaon,0,NA
AmPm10e8,30,sleep,1,mandrill,1,1295.9
AmPm10e8,30,wake,1,marmot,0,NA
AmPm10e8,30,sleep,1,oncilla,0,NA
AmPm10e8,30,wake,1,oranda,0,NA
AmPm10e8,30,wake,1,protea,0,NA
AmPm10e8,30,sleep,1,galah,0,NA
AmPm10e8,30,sleep,1,gelada,1,1185.4
AmPm10e8,30,sleep,1,hoopoe,1,1151.8
AmPm10e8,30,sleep,2,banyan,0,NA
AmPm10e8,30,sleep,2,baobab,1,4753.4
AmPm10e8,30,wake,2,blenny,0,NA
AmPm10e8,30,sleep,2,caracal,0,NA
AmPm10e8,30,sleep,2,deglupta,0,NA
AmPm10e8,30,wake,2,dingo,1,2000
AmPm10e8,30,wake,2,dorado,0,NA
AmPm10e8,30,sleep,2,drongo,1,864.8
AmPm10e8,30,sleep,2,galah,0,NA
AmPm10e8,30,sleep,2,gelada,1,1342.3
AmPm10e8,30,sleep,2,hoopoe,1,714.3
AmPm10e8,30,wake,2,komondor,1,1062.5
AmPm10e8,30,sleep,2,lesula,0,NA
AmPm10e8,30,wake,2,lycaon,0,NA
AmPm10e8,30,sleep,2,mandrill,1,989.2
AmPm10e8,30,wake,2,marmot,0,NA
AmPm10e8,30,sleep,2,oncilla,0,NA
AmPm10e8,30,wake,2,oranda,0,NA
AmPm10e8,30,wake,2,protea,0,NA
AmPm10e8,30,sleep,2,serval,0,NA
AmPm10e8,30,wake,2,trillium,1,2584.3
AmPm10e8,30,wake,2,woylie,1,1102
AmPm10e8,30,wake,2,zinnia,0,NA
AmPm10e8,30,sleep,1,serval,0,NA
AmPm10e8,30,wake,1,trillium,1,1585
AmPm10e8,30,wake,1,woylie,1,1154.8
AmPm10e8,30,wake,1,zinnia,0,NA
AmPm361c,30,sleep,1,agouti,0,NA
AmPm361c,30,wake,1,banyan,1,1842.4
AmPm361c,30,sleep,1,dingo,1,641.2
AmPm361c,30,sleep,1,dorado,1,1150.5
AmPm361c,30,wake,1,drongo,0,NA
AmPm361c,30,wake,1,galah,0,NA
AmPm361c,30,wake,1,gelada,0,NA
AmPm361c,30,wake,1,hoopoe,1,861.7
AmPm361c,30,sleep,1,komondor,0,NA
AmPm361c,30,wake,1,baobab,0,NA
AmPm361c,30,sleep,1,blenny,1,1407.7
AmPm361c,30,wake,1,caracal,0,NA
AmPm361c,30,wake,1,deglupta,0,NA
AmPm361c,30,sleep,1,protea,0,NA
AmPm361c,30,wake,1,serval,1,4992.1
AmPm361c,30,sleep,1,trillium,1,1153.1
AmPm361c,30,sleep,1,woylie,0,NA
AmPm361c,30,sleep,1,zinnia,0,NA
AmPm361c,30,wake,1,lesula,0,NA
AmPm361c,30,sleep,1,lycaon,1,1367.9
AmPm361c,30,wake,1,mandrill,1,1300.6
AmPm361c,30,sleep,1,marmot,0,NA
AmPm361c,30,wake,1,oncilla,0,NA
AmPm361c,30,sleep,1,oranda,0,NA
AmPm361c,30,sleep,2,agouti,1,1237.2
AmPm361c,30,wake,2,banyan,1,805
AmPm361c,30,wake,2,baobab,0,NA
AmPm361c,30,sleep,2,blenny,1,833.3
AmPm361c,30,wake,2,caracal,0,NA
AmPm361c,30,wake,2,deglupta,0,NA
AmPm361c,30,sleep,2,dingo,1,1130.1
AmPm361c,30,sleep,2,dorado,1,1330.4
AmPm361c,30,wake,2,drongo,0,NA
AmPm361c,30,wake,2,galah,0,NA
AmPm361c,30,wake,2,gelada,0,NA
AmPm361c,30,wake,2,hoopoe,1,893.4
AmPm361c,30,sleep,2,komondor,1,1135.2
AmPm361c,30,wake,2,lesula,1,5960.2
AmPm361c,30,sleep,2,lycaon,1,1094.4
AmPm361c,30,wake,2,mandrill,1,1224.5
AmPm361c,30,sleep,2,marmot,0,NA
AmPm361c,30,wake,2,oncilla,0,NA
AmPm361c,30,sleep,2,oranda,0,NA
AmPm361c,30,sleep,2,protea,0,NA
AmPm361c,30,wake,2,serval,1,1789.7
AmPm361c,30,sleep,2,trillium,1,917.9
AmPm361c,30,sleep,2,woylie,1,927.4
AmPm361c,30,sleep,2,zinnia,0,NA
AmPm5de6,40,sleep,1,agouti,0,NA
AmPm5de6,40,wake,1,banyan,1,2151.9
AmPm5de6,40,wake,1,caracal,1,872.4
AmPm5de6,40,wake,1,deglupta,1,1249.4
AmPm5de6,40,sleep,1,blenny,1,824.8
AmPm5de6,40,sleep,1,dorado,1,1484.1
AmPm5de6,40,wake,1,drongo,1,1471.1
AmPm5de6,40,wake,1,baobab,0,NA
AmPm5de6,40,sleep,1,dingo,1,1208.6
AmPm5de6,40,wake,1,galah,0,NA
AmPm5de6,40,wake,1,gelada,0,NA
AmPm5de6,40,wake,1,hoopoe,1,807.5
AmPm5de6,40,sleep,1,komondor,1,1502.6
AmPm5de6,40,wake,1,lesula,1,1009.5
AmPm5de6,40,sleep,1,lycaon,0,NA
AmPm5de6,40,wake,1,mandrill,1,1173.3
AmPm5de6,40,sleep,1,marmot,0,NA
AmPm5de6,40,wake,1,oncilla,0,NA
AmPm5de6,40,sleep,1,oranda,0,NA
AmPm5de6,40,sleep,1,protea,1,NA
AmPm5de6,40,wake,1,serval,0,NA
AmPm5de6,40,sleep,1,trillium,1,1269.8
AmPm5de6,40,sleep,1,woylie,1,960.9
AmPm5de6,40,wake,2,gelada,1,3255.1
AmPm5de6,40,wake,2,hoopoe,1,768.3
AmPm5de6,40,sleep,2,agouti,1,1414.4
AmPm5de6,40,wake,2,banyan,1,1398.8
AmPm5de6,40,wake,2,baobab,0,NA
AmPm5de6,40,sleep,2,blenny,1,751.7
AmPm5de6,40,wake,2,caracal,0,NA
AmPm5de6,40,wake,2,deglupta,1,1002.3
AmPm5de6,40,sleep,2,dingo,1,861.1
AmPm5de6,40,sleep,2,dorado,1,1668.9
AmPm5de6,40,wake,2,drongo,1,848.1
AmPm5de6,40,wake,2,galah,1,807.8
AmPm5de6,40,sleep,2,komondor,1,668.7
AmPm5de6,40,wake,2,lesula,0,NA
AmPm5de6,40,sleep,2,lycaon,0,NA
AmPm5de6,40,wake,2,mandrill,1,813.5
AmPm5de6,40,sleep,2,marmot,1,1736.7
AmPm5de6,40,wake,2,oncilla,0,NA
AmPm5de6,40,sleep,2,oranda,0,NA
AmPm5de6,40,sleep,2,protea,1,646.3
AmPm5de6,40,wake,2,serval,0,NA
AmPm5de6,40,sleep,2,trillium,1,685.4
AmPm5de6,40,sleep,2,woylie,1,1234.7
AmPme02f,38,sleep,2,agouti,1,1054.4
AmPme02f,38,wake,2,banyan,0,NA
AmPme02f,38,wake,2,baobab,0,NA
AmPme02f,38,sleep,2,blenny,1,797.2
AmPme02f,38,wake,2,caracal,0,NA
AmPme02f,38,wake,2,deglupta,0,NA
AmPme02f,38,sleep,2,dingo,1,873.7
AmPme02f,38,sleep,2,dorado,0,NA
AmPme02f,38,wake,2,drongo,1,1301
AmPme02f,38,wake,2,galah,0,NA
AmPme02f,38,wake,2,gelada,0,NA
AmPme02f,38,wake,2,hoopoe,0,NA
AmPme02f,38,sleep,2,komondor,1,1061.2
AmPme02f,38,wake,2,lesula,0,NA
AmPme02f,38,sleep,2,lycaon,0,NA
AmPme02f,38,wake,2,mandrill,1,968.5
AmPme02f,38,sleep,2,marmot,0,NA
AmPme02f,38,wake,2,oncilla,0,NA
AmPme02f,38,sleep,2,oranda,0,NA
AmPme02f,38,sleep,2,protea,0,NA
AmPme02f,38,wake,2,serval,1,1275.5
AmPme02f,38,sleep,2,trillium,1,861.7
AmPme02f,38,sleep,2,woylie,1,970.5
AmPme02f,38,sleep,1,agouti,0,NA
AmPme02f,38,wake,1,banyan,1,1636.3
AmPme02f,38,wake,1,baobab,1,3348.2
AmPme02f,38,sleep,1,blenny,1,1017.9
AmPme02f,38,wake,1,caracal,0,NA
AmPme02f,38,wake,1,deglupta,0,NA
AmPme02f,38,sleep,1,dingo,1,840.8
AmPme02f,38,sleep,1,dorado,0,NA
AmPme02f,38,wake,1,drongo,1,1085.2
AmPme02f,38,wake,1,galah,0,NA
AmPme02f,38,wake,1,gelada,0,NA
AmPme02f,38,wake,1,hoopoe,0,NA
AmPme02f,38,sleep,1,komondor,1,1184.8
AmPme02f,38,wake,1,lesula,0,NA
AmPme02f,38,sleep,1,lycaon,0,NA
AmPme02f,38,wake,1,mandrill,1,854.9
AmPme02f,38,sleep,1,marmot,0,NA
AmPme02f,38,wake,1,oncilla,0,NA
AmPme02f,38,sleep,1,oranda,0,NA
AmPme02f,38,sleep,1,protea,0,NA
AmPme02f,38,wake,1,serval,1,1196.4
AmPme02f,38,sleep,1,trillium,1,1061.2
AmPme02f,38,sleep,1,woylie,1,956.6
AmPme02f,38,sleep,1,zinnia,1,1053.6
AmPme02f,38,sleep,2,zinnia,1,1148
AmPmbe42,29,sleep,1,protea,0,NA
AmPmbe42,29,wake,1,serval,0,NA
AmPmbe42,29,sleep,1,trillium,0,NA
AmPmbe42,29,sleep,1,woylie,0,NA
AmPmbe42,29,sleep,1,agouti,0,NA
AmPmbe42,29,wake,1,banyan,0,NA
AmPmbe42,29,wake,1,baobab,0,NA
AmPmbe42,29,sleep,1,blenny,0,NA
AmPmbe42,29,wake,1,caracal,1,2466
AmPmbe42,29,wake,1,deglupta,0,NA
AmPmbe42,29,sleep,1,dingo,1,1596.4
AmPmbe42,29,sleep,1,dorado,0,NA
AmPmbe42,29,wake,1,drongo,0,NA
AmPmbe42,29,sleep,1,zinnia,0,NA
AmPmbe42,29,wake,1,gelada,0,NA
AmPmbe42,29,wake,1,hoopoe,0,NA
AmPmbe42,29,sleep,1,komondor,1,1502.7
AmPmbe42,29,wake,1,lesula,0,NA
AmPmbe42,29,sleep,1,lycaon,0,NA
AmPmbe42,29,wake,1,mandrill,1,NA
AmPmbe42,29,sleep,1,marmot,0,NA
AmPmbe42,29,wake,1,oncilla,0,NA
AmPmbe42,29,sleep,1,oranda,0,NA
AmPmbe42,29,sleep,2,agouti,0,NA
AmPmbe42,29,wake,2,banyan,0,NA
AmPmbe42,29,wake,1,galah,0,NA
AmPmbe42,29,sleep,2,blenny,0,NA
AmPmbe42,29,wake,2,caracal,1,2966.3
AmPmbe42,29,wake,2,deglupta,0,NA
AmPmbe42,29,sleep,2,dingo,1,1616.8
AmPmbe42,29,sleep,2,dorado,0,NA
AmPmbe42,29,wake,2,drongo,0,NA
AmPmbe42,29,wake,2,galah,0,NA
AmPmbe42,29,wake,2,gelada,0,NA
AmPmbe42,29,wake,2,hoopoe,0,NA
AmPmbe42,29,sleep,2,komondor,1,1074.4
AmPmbe42,29,wake,2,lesula,0,NA
AmPmbe42,29,wake,2,baobab,0,NA
AmPmbe42,29,sleep,2,lycaon,0,NA
AmPmbe42,29,sleep,2,protea,1,1775.5
AmPmbe42,29,wake,2,serval,0,NA
AmPmbe42,29,sleep,2,oranda,0,NA
AmPmbe42,29,sleep,2,zinnia,0,NA
AmPmbe42,29,wake,2,mandrill,1,1456.1
AmPmbe42,29,sleep,2,trillium,1,1564.6
AmPmbe42,29,sleep,2,woylie,0,NA
AmPmbe42,29,sleep,2,marmot,0,NA
AmPmbe42,29,wake,2,oncilla,0,NA
AmPm3d40,27,sleep,1,agouti,0,NA
AmPm3d40,27,wake,1,gelada,0,NA
AmPm3d40,27,wake,1,hoopoe,0,NA
AmPm3d40,27,sleep,1,komondor,0,NA
AmPm3d40,27,wake,1,lesula,0,NA
AmPm3d40,27,wake,1,banyan,0,NA
AmPm3d40,27,wake,1,baobab,0,NA
AmPm3d40,27,sleep,1,blenny,0,NA
AmPm3d40,27,wake,1,caracal,0,NA
AmPm3d40,27,wake,1,deglupta,0,NA
AmPm3d40,27,sleep,1,dingo,0,NA
AmPm3d40,27,sleep,1,dorado,0,NA
AmPm3d40,27,wake,1,drongo,0,NA
AmPm3d40,27,wake,1,galah,0,NA
AmPm3d40,27,sleep,1,zinnia,0,NA
AmPm3d40,27,sleep,1,lycaon,0,NA
AmPm3d40,27,wake,1,mandrill,1,4145.4
AmPm3d40,27,sleep,1,marmot,0,NA
AmPm3d40,27,wake,1,oncilla,0,NA
AmPm3d40,27,sleep,1,oranda,0,NA
AmPm3d40,27,sleep,1,protea,0,NA
AmPm3d40,27,wake,1,serval,0,NA
AmPm3d40,27,sleep,1,trillium,0,NA
AmPm3d40,27,sleep,1,woylie,0,NA
AmPm3d40,27,sleep,2,agouti,0,NA
AmPm3d40,27,wake,2,banyan,0,NA
AmPm3d40,27,wake,2,baobab,0,NA
AmPm3d40,27,sleep,2,blenny,0,NA
AmPm3d40,27,wake,2,caracal,0,NA
AmPm3d40,27,wake,2,deglupta,0,NA
AmPm3d40,27,sleep,2,dingo,0,NA
AmPm3d40,27,sleep,2,dorado,0,NA
AmPm3d40,27,wake,2,drongo,0,NA
AmPm3d40,27,wake,2,galah,0,NA
AmPm3d40,27,wake,2,gelada,0,NA
AmPm3d40,27,wake,2,hoopoe,0,NA
AmPm3d40,27,sleep,2,komondor,0,NA
AmPm3d40,27,wake,2,lesula,0,NA
AmPm3d40,27,sleep,2,lycaon,0,NA
AmPm3d40,27,wake,2,mandrill,0,NA
AmPm3d40,27,sleep,2,marmot,0,NA
AmPm3d40,27,wake,2,oncilla,0,NA
AmPm3d40,27,sleep,2,oranda,0,NA
AmPm3d40,27,sleep,2,protea,0,NA
AmPm3d40,27,wake,2,serval,0,NA
AmPm3d40,27,sleep,2,trillium,0,NA
AmPm3d40,27,sleep,2,woylie,0,NA
AmPm3d40,27,sleep,2,zinnia,0,NA
AmPmffd2,30,wake,1,agouti,1,2103.2
AmPmffd2,30,sleep,1,banyan,1,1879.3
AmPmffd2,30,sleep,1,baobab,0,NA
AmPmffd2,30,wake,1,blenny,0,NA
AmPmffd2,30,sleep,1,caracal,0,NA
AmPmffd2,30,sleep,1,deglupta,0,NA
AmPmffd2,30,wake,1,dingo,0,NA
AmPmffd2,30,wake,1,dorado,0,NA
AmPmffd2,30,sleep,1,drongo,0,NA
AmPmffd2,30,sleep,1,galah,0,NA
AmPmffd2,30,sleep,1,gelada,0,NA
AmPmffd2,30,sleep,1,hoopoe,1,5460.2
AmPmffd2,30,wake,1,komondor,0,NA
AmPmffd2,30,sleep,1,lesula,1,2099.2
AmPmffd2,30,wake,1,lycaon,0,NA
AmPmffd2,30,sleep,1,mandrill,0,NA
AmPmffd2,30,wake,1,marmot,0,NA
AmPmffd2,30,sleep,1,oncilla,0,NA
AmPmffd2,30,wake,1,oranda,1,NA
AmPmffd2,30,wake,1,protea,1,3172.5
AmPmffd2,30,sleep,1,serval,0,NA
AmPmffd2,30,wake,1,trillium,0,NA
AmPmffd2,30,wake,1,woylie,0,NA
AmPmffd2,30,wake,1,zinnia,0,NA
AmPmffd2,30,wake,2,agouti,0,NA
AmPmffd2,30,sleep,2,banyan,0,NA
AmPmffd2,30,sleep,2,baobab,0,NA
AmPmffd2,30,wake,2,blenny,0,NA
AmPmffd2,30,sleep,2,caracal,0,NA
AmPmffd2,30,sleep,2,deglupta,0,NA
AmPmffd2,30,wake,2,dingo,0,NA
AmPmffd2,30,wake,2,dorado,0,NA
AmPmffd2,30,sleep,2,drongo,0,NA
AmPmffd2,30,sleep,2,galah,0,NA
AmPmffd2,30,sleep,2,gelada,1,1038.3
AmPmffd2,30,sleep,2,hoopoe,1,1130.1
AmPmffd2,30,wake,2,komondor,0,NA
AmPmffd2,30,sleep,2,lesula,1,899.2
AmPmffd2,30,wake,2,lycaon,0,NA
AmPmffd2,30,sleep,2,mandrill,0,NA
AmPmffd2,30,wake,2,marmot,0,NA
AmPmffd2,30,sleep,2,oncilla,0,NA
AmPmffd2,30,wake,2,oranda,1,1326.7
AmPmffd2,30,wake,2,protea,1,1190.2
AmPmffd2,30,sleep,2,serval,0,NA
AmPmffd2,30,wake,2,trillium,1,1948.4
AmPmffd2,30,wake,2,woylie,1,6332.5
AmPmffd2,30,wake,2,zinnia,0,NA
AmPm7770,31,wake,1,agouti,1,2419.2
AmPm7770,31,wake,1,komondor,1,966
AmPm7770,31,sleep,1,galah,1,1923.8
AmPm7770,31,sleep,1,gelada,0,NA
AmPm7770,31,sleep,1,hoopoe,1,797.6
AmPm7770,31,sleep,1,banyan,0,NA
AmPm7770,31,wake,1,blenny,1,1437.1
AmPm7770,31,sleep,1,caracal,0,NA
AmPm7770,31,sleep,1,deglupta,0,NA
AmPm7770,31,wake,1,dingo,1,1357.7
AmPm7770,31,wake,1,dorado,1,1499.4
AmPm7770,31,sleep,1,drongo,0,NA
AmPm7770,31,sleep,1,lesula,0,NA
AmPm7770,31,wake,1,lycaon,0,NA
AmPm7770,31,sleep,1,mandrill,0,NA
AmPm7770,31,wake,1,marmot,1,2013.6
AmPm7770,31,sleep,1,oncilla,0,NA
AmPm7770,31,wake,1,oranda,0,NA
AmPm7770,31,wake,1,protea,1,1252.8
AmPm7770,31,sleep,1,serval,0,NA
AmPm7770,31,wake,1,trillium,1,997.7
AmPm7770,31,wake,1,woylie,1,2581.6
AmPm7770,31,wake,1,zinnia,0,NA
AmPm7770,31,wake,2,agouti,1,3996.6
AmPm7770,31,sleep,2,banyan,0,NA
AmPm7770,31,wake,2,blenny,1,1354.9
AmPm7770,31,sleep,2,caracal,0,NA
AmPm7770,31,sleep,2,deglupta,1,2741.5
AmPm7770,31,sleep,2,hoopoe,1,NA
AmPm7770,31,wake,2,komondor,1,856.3
AmPm7770,31,sleep,2,lesula,0,NA
AmPm7770,31,wake,2,lycaon,0,NA
AmPm7770,31,sleep,2,mandrill,0,NA
AmPm7770,31,wake,2,marmot,1,920.4
AmPm7770,31,sleep,2,oncilla,0,NA
AmPm7770,31,wake,2,oranda,0,NA
AmPm7770,31,wake,2,dingo,1,2623.3
AmPm7770,31,wake,2,dorado,0,NA
AmPm7770,31,sleep,2,drongo,0,NA
AmPm7770,31,sleep,2,galah,1,2342.7
AmPm7770,31,sleep,2,gelada,0,NA
AmPm7770,31,wake,2,protea,1,1410.7
AmPm7770,31,sleep,2,serval,0,NA
AmPm7770,31,wake,2,trillium,1,974.5
AmPm7770,31,wake,2,woylie,1,1179.4
AmPm7770,31,wake,2,zinnia,0,NA
AmPm82ae,36,wake,1,agouti,0,NA
AmPm82ae,36,wake,1,blenny,0,NA
AmPm82ae,36,sleep,1,caracal,0,NA
AmPm82ae,36,sleep,1,baobab,1,938.8
AmPm82ae,36,sleep,1,banyan,0,NA
AmPm82ae,36,wake,2,agouti,0,NA
AmPm82ae,36,sleep,2,banyan,0,NA
AmPm82ae,36,sleep,2,baobab,1,1532.7
AmPm82ae,36,wake,2,blenny,0,NA
AmPm82ae,36,sleep,2,caracal,0,NA
AmPm82ae,36,sleep,2,deglupta,0,NA
AmPm82ae,36,wake,2,dingo,1,1009.1
AmPm82ae,36,wake,2,dorado,0,NA
AmPm82ae,36,sleep,2,drongo,1,1089.3
AmPm82ae,36,sleep,2,galah,0,NA
AmPm82ae,36,sleep,2,gelada,0,NA
AmPm82ae,36,sleep,2,hoopoe,1,540
AmPm82ae,36,wake,2,komondor,1,948.1
AmPm82ae,36,sleep,2,lesula,0,NA
AmPm82ae,36,wake,2,lycaon,0,NA
AmPm82ae,36,sleep,2,mandrill,0,NA
AmPm82ae,36,wake,2,marmot,0,NA
AmPm82ae,36,sleep,2,oncilla,0,NA
AmPm82ae,36,wake,2,oranda,1,879.8
AmPm82ae,36,wake,2,protea,0,NA
AmPm82ae,36,sleep,2,serval,0,NA
AmPm82ae,36,wake,2,trillium,0,NA
AmPm82ae,36,wake,2,woylie,0,NA
AmPm82ae,36,wake,2,zinnia,0,NA
AmPm82ae,36,sleep,1,deglupta,0,NA
AmPm82ae,36,wake,1,dingo,1,938.8
AmPm82ae,36,wake,1,oranda,0,NA
AmPm82ae,36,wake,1,dorado,0,NA
AmPm82ae,36,sleep,1,drongo,1,913.3
AmPm82ae,36,sleep,1,galah,0,NA
AmPm82ae,36,sleep,1,gelada,0,NA
AmPm82ae,36,sleep,1,hoopoe,1,979.2
AmPm82ae,36,wake,1,komondor,1,1440.8
AmPm82ae,36,sleep,1,lesula,0,NA
AmPm82ae,36,wake,1,lycaon,0,NA
AmPm82ae,36,sleep,1,mandrill,1,956.6
AmPm82ae,36,wake,1,marmot,0,NA
AmPm82ae,36,sleep,1,oncilla,0,NA
AmPm82ae,36,wake,1,protea,0,NA
AmPm82ae,36,sleep,1,serval,0,NA
AmPm82ae,36,wake,1,trillium,0,NA
AmPm82ae,36,wake,1,woylie,0,NA
AmPm82ae,36,wake,1,zinnia,0,NA
AmPm0a7c,34,wake,1,protea,1,1369
AmPm0a7c,34,sleep,1,serval,0,NA
AmPm0a7c,34,wake,1,trillium,1,956.9
AmPm0a7c,34,wake,1,woylie,1,1072.1
AmPm0a7c,34,wake,1,zinnia,0,NA
AmPm0a7c,34,wake,1,agouti,0,NA
AmPm0a7c,34,sleep,1,banyan,0,NA
AmPm0a7c,34,sleep,1,baobab,0,NA
AmPm0a7c,34,wake,1,blenny,0,NA
AmPm0a7c,34,sleep,1,caracal,0,NA
AmPm0a7c,34,sleep,1,deglupta,1,2785.1
AmPm0a7c,34,wake,1,dingo,1,3445.2
AmPm0a7c,34,wake,1,dorado,0,NA
AmPm0a7c,34,sleep,1,drongo,0,NA
AmPm0a7c,34,sleep,1,galah,0,NA
AmPm0a7c,34,sleep,1,gelada,0,NA
AmPm0a7c,34,sleep,1,hoopoe,1,1026.8
AmPm0a7c,34,wake,1,komondor,1,1168.5
AmPm0a7c,34,sleep,1,lesula,0,NA
AmPm0a7c,34,wake,1,lycaon,1,1534
AmPm0a7c,34,sleep,1,mandrill,0,NA
AmPm0a7c,34,wake,1,marmot,1,1040.8
AmPm0a7c,34,sleep,1,oncilla,0,NA
AmPm0a7c,34,wake,1,oranda,0,NA
AmPm0a7c,34,wake,2,agouti,0,NA
AmPm0a7c,34,sleep,2,banyan,0,NA
AmPm0a7c,34,sleep,2,baobab,1,1031.7
AmPm0a7c,34,wake,2,blenny,0,NA
AmPm0a7c,34,sleep,2,caracal,0,NA
AmPm0a7c,34,sleep,2,deglupta,1,1629.8
AmPm0a7c,34,wake,2,dingo,1,992.8
AmPm0a7c,34,wake,2,dorado,0,NA
AmPm0a7c,34,sleep,2,drongo,1,2504.3
AmPm0a7c,34,sleep,2,galah,0,NA
AmPm0a7c,34,sleep,2,gelada,0,NA
AmPm0a7c,34,sleep,2,hoopoe,1,545.9
AmPm0a7c,34,wake,2,komondor,1,1068
AmPm0a7c,34,sleep,2,lesula,0,NA
AmPm0a7c,34,wake,2,lycaon,1,1252.1
AmPm0a7c,34,sleep,2,mandrill,1,767.9
AmPm0a7c,34,wake,2,marmot,1,1217.1
AmPm0a7c,34,sleep,2,oncilla,1,1180.6
AmPm0a7c,34,wake,2,protea,0,NA
AmPm0a7c,34,wake,2,zinnia,0,NA
AmPm0a7c,34,sleep,2,serval,0,NA
AmPm0a7c,34,wake,2,oranda,0,NA
AmPm0a7c,34,wake,2,woylie,1,801.4
AmPm0a7c,34,wake,2,trillium,0,NA
AmPm02a0,36,sleep,1,agouti,0,NA
AmPm02a0,36,wake,1,banyan,0,NA
AmPm02a0,36,wake,1,baobab,1,1760.2
AmPm02a0,36,sleep,1,blenny,0,NA
AmPm02a0,36,wake,1,caracal,0,NA
AmPm02a0,36,wake,1,deglupta,0,NA
AmPm02a0,36,sleep,1,dorado,0,NA
AmPm02a0,36,wake,1,galah,0,NA
AmPm02a0,36,sleep,1,lycaon,1,1229.2
AmPm02a0,36,wake,1,mandrill,0,NA
AmPm02a0,36,sleep,1,marmot,1,911.6
AmPm02a0,36,wake,1,oncilla,0,NA
AmPm02a0,36,sleep,1,oranda,0,NA
AmPm02a0,36,sleep,1,protea,0,NA
AmPm02a0,36,wake,1,serval,0,NA
AmPm02a0,36,sleep,1,trillium,0,NA
AmPm02a0,36,sleep,1,woylie,1,1440.5
AmPm02a0,36,wake,1,gelada,0,NA
AmPm02a0,36,wake,1,hoopoe,0,NA
AmPm02a0,36,sleep,1,komondor,0,NA
AmPm02a0,36,wake,1,lesula,0,NA
AmPm02a0,36,sleep,1,zinnia,0,NA
AmPm02a0,36,sleep,2,agouti,0,NA
AmPm02a0,36,wake,2,banyan,0,NA
AmPm02a0,36,wake,2,baobab,0,NA
AmPm02a0,36,sleep,2,blenny,1,970.5
AmPm02a0,36,wake,2,caracal,0,NA
AmPm02a0,36,wake,2,deglupta,0,NA
AmPm02a0,36,sleep,2,dorado,0,NA
AmPm02a0,36,wake,2,galah,0,NA
AmPm02a0,36,wake,2,gelada,0,NA
AmPm02a0,36,wake,2,hoopoe,0,NA
AmPm02a0,36,sleep,2,komondor,0,NA
AmPm02a0,36,wake,2,lesula,0,NA
AmPm02a0,36,sleep,2,lycaon,1,979.6
AmPm02a0,36,wake,2,mandrill,0,NA
AmPm02a0,36,sleep,2,marmot,1,1633.1
AmPm02a0,36,wake,2,oncilla,0,NA
AmPm02a0,36,sleep,2,oranda,0,NA
AmPm02a0,36,sleep,2,protea,0,NA
AmPm02a0,36,wake,2,serval,0,NA
AmPm02a0,36,sleep,2,trillium,1,2756.2
AmPm02a0,36,sleep,2,woylie,1,NA
AmPm02a0,36,sleep,2,zinnia,0,NA
AmPm9d45,29,wake,2,drongo,1,1665
AmPm9d45,29,wake,2,deglupta,0,NA
AmPm9d45,29,sleep,2,dorado,1,925.2
AmPm9d45,29,wake,2,galah,0,NA
AmPm9d45,29,sleep,2,agouti,1,823.1
AmPm9d45,29,wake,2,banyan,0,NA
AmPm9d45,29,wake,2,baobab,0,NA
AmPm9d45,29,sleep,2,blenny,1,2480.2
AmPm9d45,29,wake,2,caracal,0,NA
AmPm9d45,29,wake,2,gelada,0,NA
AmPm9d45,29,sleep,1,agouti,0,NA
AmPm9d45,29,wake,1,banyan,0,NA
AmPm9d45,29,wake,1,baobab,0,NA
AmPm9d45,29,sleep,1,blenny,0,NA
AmPm9d45,29,wake,1,caracal,0,NA
AmPm9d45,29,wake,1,deglupta,0,NA
AmPm9d45,29,sleep,1,dorado,0,NA
AmPm9d45,29,wake,1,drongo,0,NA
AmPm9d45,29,wake,1,galah,0,NA
AmPm9d45,29,wake,1,gelada,0,NA
AmPm9d45,29,wake,1,hoopoe,1,4069.9
AmPm9d45,29,sleep,1,komondor,1,1389.9
AmPm9d45,29,wake,1,lesula,0,NA
AmPm9d45,29,sleep,1,lycaon,0,NA
AmPm9d45,29,wake,1,mandrill,0,NA
AmPm9d45,29,sleep,1,marmot,0,NA
AmPm9d45,29,wake,1,oncilla,0,NA
AmPm9d45,29,sleep,1,oranda,1,1273.8
AmPm9d45,29,sleep,1,protea,0,NA
AmPm9d45,29,wake,1,serval,0,NA
AmPm9d45,29,sleep,1,trillium,0,NA
AmPm9d45,29,sleep,1,woylie,0,NA
AmPm9d45,29,sleep,1,zinnia,1,1404.8
AmPm9d45,29,wake,2,serval,0,NA
AmPm9d45,29,sleep,2,trillium,1,2529.8
AmPm9d45,29,sleep,2,woylie,0,NA
AmPm9d45,29,wake,2,hoopoe,1,1187.8
AmPm9d45,29,sleep,2,komondor,1,1117.3
AmPm9d45,29,wake,2,lesula,0,NA
AmPm9d45,29,sleep,2,lycaon,0,NA
AmPm9d45,29,wake,2,mandrill,0,NA
AmPm9d45,29,sleep,2,marmot,1,838.3
AmPm9d45,29,wake,2,oncilla,0,NA
AmPm9d45,29,sleep,2,oranda,1,1385.3
AmPm9d45,29,sleep,2,protea,1,1108.3
AmPm9d45,29,sleep,2,zinnia,1,916.2
AmPm65f3,28,wake,1,serval,0,NA
AmPm65f3,28,sleep,1,trillium,1,1584.2
AmPm65f3,28,sleep,1,protea,0,NA
AmPm65f3,28,sleep,1,agouti,1,5647.1
AmPm65f3,28,wake,1,banyan,0,NA
AmPm65f3,28,wake,1,baobab,0,NA
AmPm65f3,28,sleep,1,blenny,0,NA
AmPm65f3,28,wake,1,caracal,1,1916.1
AmPm65f3,28,wake,1,deglupta,0,NA
AmPm65f3,28,sleep,1,dingo,1,1996
AmPm65f3,28,sleep,1,dorado,0,NA
AmPm65f3,28,wake,1,drongo,0,NA
AmPm65f3,28,wake,1,galah,1,3095.2
AmPm65f3,28,wake,1,gelada,0,NA
AmPm65f3,28,wake,1,hoopoe,1,1698.4
AmPm65f3,28,sleep,1,komondor,0,NA
AmPm65f3,28,wake,1,lesula,0,NA
AmPm65f3,28,sleep,1,lycaon,0,NA
AmPm65f3,28,wake,1,mandrill,1,1853.5
AmPm65f3,28,sleep,1,marmot,0,NA
AmPm65f3,28,wake,1,oncilla,0,NA
AmPm65f3,28,sleep,1,oranda,0,NA
AmPm65f3,28,sleep,2,agouti,1,2306.5
AmPm65f3,28,wake,2,banyan,0,NA
AmPm65f3,28,sleep,1,woylie,0,NA
AmPm65f3,28,sleep,1,zinnia,0,NA
AmPm65f3,28,wake,2,hoopoe,1,2300.2
AmPm65f3,28,sleep,2,komondor,1,1894.1
AmPm65f3,28,wake,2,lesula,0,NA
AmPm65f3,28,sleep,2,lycaon,0,NA
AmPm65f3,28,wake,2,baobab,0,NA
AmPm65f3,28,sleep,2,blenny,0,NA
AmPm65f3,28,wake,2,caracal,1,2127
AmPm65f3,28,wake,2,deglupta,0,NA
AmPm65f3,28,sleep,2,dingo,1,1725.5
AmPm65f3,28,sleep,2,dorado,0,NA
AmPm65f3,28,wake,2,drongo,1,2871.6
AmPm65f3,28,wake,2,galah,0,NA
AmPm65f3,28,wake,2,gelada,0,NA
AmPm65f3,28,wake,2,mandrill,1,4479.2
AmPm65f3,28,sleep,2,marmot,0,NA
AmPm65f3,28,wake,2,oncilla,0,NA
AmPm65f3,28,sleep,2,oranda,0,NA
AmPm65f3,28,sleep,2,protea,0,NA
AmPm65f3,28,wake,2,serval,0,NA
AmPm65f3,28,sleep,2,trillium,1,1147.4
AmPm65f3,28,sleep,2,woylie,0,NA
AmPm65f3,28,sleep,2,zinnia,0,NA
AmPmf8fb,31,sleep,1,agouti,0,NA
AmPmf8fb,31,sleep,1,komondor,1,1533.4
AmPmf8fb,31,wake,1,gelada,0,NA
AmPmf8fb,31,wake,1,hoopoe,1,751.7
AmPmf8fb,31,sleep,1,blenny,1,3127.6
AmPmf8fb,31,wake,1,lesula,1,1709.9
AmPmf8fb,31,wake,1,banyan,0,NA
AmPmf8fb,31,wake,1,baobab,1,2456.3
AmPmf8fb,31,sleep,1,dorado,1,4834.5
AmPmf8fb,31,wake,1,drongo,0,NA
AmPmf8fb,31,wake,1,galah,0,NA
AmPmf8fb,31,wake,1,caracal,1,1382.7
AmPmf8fb,31,wake,1,deglupta,1,1240.8
AmPmf8fb,31,sleep,1,dingo,1,1335.6
AmPmf8fb,31,sleep,2,agouti,0,NA
AmPmf8fb,31,wake,2,banyan,0,NA
AmPmf8fb,31,wake,2,baobab,1,3209.2
AmPmf8fb,31,sleep,2,blenny,1,859.4
AmPmf8fb,31,wake,2,caracal,0,NA
AmPmf8fb,31,wake,2,deglupta,1,1180.6
AmPmf8fb,31,sleep,2,dingo,1,773.8
AmPmf8fb,31,sleep,2,dorado,0,NA
AmPmf8fb,31,wake,2,drongo,0,NA
AmPmf8fb,31,wake,2,galah,0,NA
AmPmf8fb,31,wake,2,gelada,0,NA
AmPmf8fb,31,wake,2,hoopoe,1,806.1
AmPmf8fb,31,sleep,2,komondor,1,856.7
AmPmf8fb,31,wake,2,lesula,0,NA
AmPmf8fb,31,sleep,2,lycaon,1,1514.9
AmPmf8fb,31,wake,2,mandrill,1,1897.1
AmPmf8fb,31,sleep,2,marmot,1,1655.9
AmPmf8fb,31,wake,2,oncilla,0,NA
AmPmf8fb,31,sleep,2,oranda,0,NA
AmPmf8fb,31,sleep,2,protea,0,NA
AmPmf8fb,31,wake,2,serval,0,NA
AmPmf8fb,31,sleep,2,trillium,1,823.4
AmPmf8fb,31,sleep,2,woylie,0,NA
AmPmf8fb,31,sleep,2,zinnia,1,1503
AmPmf8fb,31,sleep,1,lycaon,0,NA
AmPmf8fb,31,sleep,1,oranda,0,NA
AmPmf8fb,31,sleep,1,protea,0,NA
AmPmf8fb,31,wake,1,serval,0,NA
AmPmf8fb,31,sleep,1,trillium,1,1097.5
AmPmf8fb,31,sleep,1,woylie,0,NA
AmPmf8fb,31,sleep,1,zinnia,0,NA
AmPmf8fb,31,wake,1,mandrill,1,1128.3
AmPmf8fb,31,sleep,1,marmot,1,1449.4
AmPmf8fb,31,wake,1,oncilla,0,NA
AmPm504e,34,sleep,1,dingo,1,1666.7
AmPm504e,34,sleep,1,agouti,0,NA
AmPm504e,34,wake,1,banyan,0,NA
AmPm504e,34,wake,1,baobab,0,NA
AmPm504e,34,sleep,1,blenny,1,NA
AmPm504e,34,wake,1,caracal,0,NA
AmPm504e,34,wake,1,deglupta,0,NA
AmPm504e,34,sleep,1,protea,0,NA
AmPm504e,34,wake,1,serval,0,NA
AmPm504e,34,sleep,1,trillium,0,NA
AmPm504e,34,sleep,1,woylie,0,NA
AmPm504e,34,sleep,1,zinnia,0,NA
AmPm504e,34,sleep,1,dorado,0,NA
AmPm504e,34,wake,1,drongo,0,NA
AmPm504e,34,wake,1,galah,0,NA
AmPm504e,34,wake,1,gelada,0,NA
AmPm504e,34,wake,1,hoopoe,1,NA
AmPm504e,34,sleep,1,komondor,1,1737.2
AmPm504e,34,wake,1,lesula,0,NA
AmPm504e,34,sleep,1,lycaon,0,NA
AmPm504e,34,wake,1,mandrill,1,1178.6
AmPm504e,34,sleep,1,marmot,0,NA
AmPm504e,34,wake,1,oncilla,0,NA
AmPm504e,34,sleep,1,oranda,0,NA
AmPm504e,34,sleep,2,agouti,0,NA
AmPm504e,34,wake,2,banyan,0,NA
AmPm504e,34,wake,2,baobab,0,NA
AmPm504e,34,sleep,2,blenny,1,1758.5
AmPm504e,34,wake,2,caracal,0,NA
AmPm504e,34,wake,2,deglupta,0,NA
AmPm504e,34,sleep,2,dingo,0,NA
AmPm504e,34,sleep,2,dorado,0,NA
AmPm504e,34,wake,2,drongo,0,NA
AmPm504e,34,wake,2,galah,0,NA
AmPm504e,34,wake,2,gelada,0,NA
AmPm504e,34,wake,2,hoopoe,1,1471.7
AmPm504e,34,sleep,2,komondor,1,1221.7
AmPm504e,34,wake,2,lesula,0,NA
AmPm504e,34,sleep,2,lycaon,0,NA
AmPm504e,34,wake,2,mandrill,1,1473.4
AmPm504e,34,sleep,2,marmot,0,NA
AmPm504e,34,wake,2,oncilla,0,NA
AmPm504e,34,sleep,2,oranda,0,NA
AmPm504e,34,sleep,2,protea,1,1710.3
AmPm504e,34,wake,2,serval,0,NA
AmPm504e,34,sleep,2,trillium,0,NA
AmPm504e,34,sleep,2,woylie,1,1348.2
AmPm504e,34,sleep,2,zinnia,0,NA
AmPm57af,30,wake,1,agouti,0,NA
AmPm57af,30,sleep,1,banyan,0,NA
AmPm57af,30,sleep,1,baobab,0,NA
AmPm57af,30,wake,1,blenny,0,NA
AmPm57af,30,sleep,1,caracal,0,NA
AmPm57af,30,sleep,1,deglupta,0,NA
AmPm57af,30,wake,1,dingo,1,1874.3
AmPm57af,30,wake,1,dorado,1,1559
AmPm57af,30,sleep,1,drongo,0,NA
AmPm57af,30,sleep,1,galah,0,NA
AmPm57af,30,sleep,1,gelada,0,NA
AmPm57af,30,sleep,1,hoopoe,0,NA
AmPm57af,30,wake,1,komondor,1,1284.2
AmPm57af,30,sleep,1,lesula,0,NA
AmPm57af,30,wake,1,lycaon,0,NA
AmPm57af,30,sleep,1,mandrill,0,NA
AmPm57af,30,wake,1,marmot,0,NA
AmPm57af,30,sleep,1,oncilla,0,NA
AmPm57af,30,wake,1,oranda,0,NA
AmPm57af,30,wake,1,protea,0,NA
AmPm57af,30,sleep,1,serval,0,NA
AmPm57af,30,wake,1,trillium,0,NA
AmPm57af,30,wake,1,woylie,1,1135.2
AmPm57af,30,wake,1,zinnia,0,NA
AmPm57af,30,wake,2,agouti,0,NA
AmPm57af,30,sleep,2,banyan,0,NA
AmPm57af,30,sleep,2,baobab,0,NA
AmPm57af,30,wake,2,blenny,0,NA
AmPm57af,30,sleep,2,caracal,0,NA
AmPm57af,30,sleep,2,deglupta,0,NA
AmPm57af,30,wake,2,dingo,1,1601.5
AmPm57af,30,wake,2,dorado,0,NA
AmPm57af,30,sleep,2,drongo,0,NA
AmPm57af,30,sleep,2,galah,0,NA
AmPm57af,30,sleep,2,gelada,0,NA
AmPm57af,30,sleep,2,hoopoe,0,NA
AmPm57af,30,wake,2,komondor,1,1139.5
AmPm57af,30,sleep,2,lesula,0,NA
AmPm57af,30,wake,2,lycaon,0,NA
AmPm57af,30,sleep,2,mandrill,0,NA
AmPm57af,30,wake,2,marmot,0,NA
AmPm57af,30,sleep,2,oncilla,0,NA
AmPm57af,30,wake,2,oranda,0,NA
AmPm57af,30,wake,2,protea,0,NA
AmPm57af,30,sleep,2,serval,0,NA
AmPm57af,30,wake,2,trillium,0,NA
AmPm57af,30,wake,2,woylie,1,880.1
AmPm57af,30,wake,2,zinnia,0,NA
AmPme4fc,36,sleep,2,deglupta,1,1955.8
AmPme4fc,36,wake,2,dingo,1,1179.1
AmPme4fc,36,wake,2,dorado,0,NA
AmPme4fc,36,sleep,2,galah,1,1281.2
AmPme4fc,36,sleep,2,gelada,0,NA
AmPme4fc,36,sleep,2,hoopoe,1,929
AmPme4fc,36,sleep,2,drongo,0,NA
AmPme4fc,36,wake,2,agouti,0,NA
AmPme4fc,36,sleep,2,banyan,0,NA
AmPme4fc,36,sleep,2,baobab,0,NA
AmPme4fc,36,sleep,2,caracal,1,1027.2
AmPme4fc,36,wake,2,blenny,1,1014
AmPme4fc,36,wake,2,komondor,1,1022.5
AmPme4fc,36,sleep,2,lesula,0,NA
AmPme4fc,36,wake,2,lycaon,1,932
AmPme4fc,36,wake,1,agouti,1,4890.3
AmPme4fc,36,sleep,1,banyan,0,NA
AmPme4fc,36,sleep,1,baobab,0,NA
AmPme4fc,36,wake,1,blenny,1,1503
AmPme4fc,36,sleep,1,caracal,1,1363.1
AmPme4fc,36,sleep,1,deglupta,0,NA
AmPme4fc,36,wake,1,dingo,1,2627.6
AmPme4fc,36,wake,1,dorado,0,NA
AmPme4fc,36,sleep,1,drongo,0,NA
AmPme4fc,36,sleep,1,galah,0,NA
AmPme4fc,36,sleep,1,gelada,0,NA
AmPme4fc,36,sleep,1,hoopoe,1,1045.4
AmPme4fc,36,wake,1,komondor,1,845.5
AmPme4fc,36,sleep,1,lesula,0,NA
AmPme4fc,36,wake,1,lycaon,1,2211.2
AmPme4fc,36,sleep,1,mandrill,0,NA
AmPme4fc,36,wake,1,marmot,0,NA
AmPme4fc,36,sleep,1,oncilla,0,NA
AmPme4fc,36,wake,1,oranda,0,NA
AmPme4fc,36,wake,1,protea,1,1339.7
AmPme4fc,36,sleep,1,serval,0,NA
AmPme4fc,36,wake,1,trillium,1,836.7
AmPme4fc,36,wake,1,woylie,1,1008.9
AmPme4fc,36,wake,1,zinnia,0,NA
AmPme4fc,36,sleep,2,serval,1,833.3
AmPme4fc,36,wake,2,trillium,1,984.1
AmPme4fc,36,wake,2,woylie,1,1024
AmPme4fc,36,wake,2,zinnia,1,1331.3
AmPme4fc,36,sleep,2,mandrill,0,NA
AmPme4fc,36,wake,2,marmot,1,2008.2
AmPme4fc,36,sleep,2,oncilla,0,NA
AmPme4fc,36,wake,2,oranda,0,NA
AmPme4fc,36,wake,2,protea,0,NA
AmPm89aa,20,wake,1,agouti,0,NA
AmPm89aa,20,wake,1,protea,0,NA
AmPm89aa,20,sleep,1,serval,0,NA
AmPm89aa,20,wake,1,trillium,0,NA
AmPm89aa,20,wake,1,woylie,0,NA
AmPm89aa,20,wake,1,zinnia,0,NA
AmPm89aa,20,sleep,1,gelada,0,NA
AmPm89aa,20,sleep,1,hoopoe,0,NA
AmPm89aa,20,wake,1,komondor,0,NA
AmPm89aa,20,sleep,1,lesula,0,NA
AmPm89aa,20,sleep,1,banyan,0,NA
AmPm89aa,20,sleep,1,baobab,0,NA
AmPm89aa,20,wake,1,blenny,0,NA
AmPm89aa,20,sleep,1,caracal,0,NA
AmPm89aa,20,sleep,1,deglupta,0,NA
AmPm89aa,20,wake,1,dingo,0,NA
AmPm89aa,20,wake,1,dorado,0,NA
AmPm89aa,20,sleep,1,drongo,0,NA
AmPm89aa,20,sleep,1,galah,0,NA
AmPm89aa,20,wake,2,blenny,0,NA
AmPm89aa,20,wake,1,lycaon,0,NA
AmPm89aa,20,sleep,1,mandrill,0,NA
AmPm89aa,20,wake,1,marmot,0,NA
AmPm89aa,20,sleep,1,oncilla,0,NA
AmPm89aa,20,wake,1,oranda,0,NA
AmPm89aa,20,wake,2,agouti,0,NA
AmPm89aa,20,sleep,2,banyan,0,NA
AmPm89aa,20,sleep,2,baobab,0,NA
AmPm89aa,20,wake,2,dingo,0,NA
AmPm89aa,20,sleep,2,hoopoe,0,NA
AmPm89aa,20,wake,2,komondor,1,1619.2
AmPm89aa,20,sleep,2,lesula,0,NA
AmPm89aa,20,wake,2,lycaon,0,NA
AmPm89aa,20,sleep,2,mandrill,0,NA
AmPm89aa,20,wake,2,marmot,0,NA
AmPm89aa,20,sleep,2,caracal,0,NA
AmPm89aa,20,sleep,2,deglupta,0,NA
AmPm89aa,20,wake,2,protea,0,NA
AmPm89aa,20,wake,2,dorado,0,NA
AmPm89aa,20,sleep,2,drongo,0,NA
AmPm89aa,20,sleep,2,galah,0,NA
AmPm89aa,20,sleep,2,gelada,0,NA
AmPm89aa,20,wake,2,zinnia,0,NA
AmPm89aa,20,sleep,2,serval,0,NA
AmPm89aa,20,sleep,2,oncilla,0,NA
AmPm89aa,20,wake,2,oranda,0,NA
AmPm89aa,20,wake,2,trillium,0,NA
AmPm89aa,20,wake,2,woylie,0,NA
AmPm7f5f,26,sleep,1,baobab,0,NA
AmPm7f5f,26,wake,1,blenny,0,NA
AmPm7f5f,26,wake,1,agouti,0,NA
AmPm7f5f,26,sleep,1,banyan,0,NA
AmPm7f5f,26,wake,1,dorado,0,NA
AmPm7f5f,26,wake,1,komondor,1,1176.7
AmPm7f5f,26,sleep,1,lesula,0,NA
AmPm7f5f,26,wake,1,lycaon,0,NA
AmPm7f5f,26,sleep,1,mandrill,0,NA
AmPm7f5f,26,wake,1,marmot,0,NA
AmPm7f5f,26,sleep,1,oncilla,0,NA
AmPm7f5f,26,sleep,1,caracal,0,NA
AmPm7f5f,26,sleep,1,deglupta,0,NA
AmPm7f5f,26,sleep,1,drongo,0,NA
AmPm7f5f,26,sleep,1,galah,0,NA
AmPm7f5f,26,sleep,1,gelada,0,NA
AmPm7f5f,26,sleep,1,hoopoe,1,1165
AmPm7f5f,26,wake,2,agouti,0,NA
AmPm7f5f,26,sleep,2,banyan,0,NA
AmPm7f5f,26,sleep,2,baobab,0,NA
AmPm7f5f,26,wake,2,blenny,0,NA
AmPm7f5f,26,sleep,2,caracal,0,NA
AmPm7f5f,26,sleep,2,deglupta,1,1241.5
AmPm7f5f,26,wake,2,dorado,0,NA
AmPm7f5f,26,sleep,2,drongo,0,NA
AmPm7f5f,26,sleep,2,galah,0,NA
AmPm7f5f,26,sleep,2,gelada,0,NA
AmPm7f5f,26,sleep,2,hoopoe,1,982.1
AmPm7f5f,26,wake,2,komondor,1,1017.9
AmPm7f5f,26,sleep,2,lesula,0,NA
AmPm7f5f,26,wake,2,lycaon,0,NA
AmPm7f5f,26,sleep,2,mandrill,0,NA
AmPm7f5f,26,wake,2,marmot,0,NA
AmPm7f5f,26,sleep,2,oncilla,0,NA
AmPm7f5f,26,wake,2,oranda,0,NA
AmPm7f5f,26,wake,2,protea,1,877
AmPm7f5f,26,sleep,2,serval,0,NA
AmPm7f5f,26,wake,2,trillium,0,NA
AmPm7f5f,26,wake,2,woylie,0,NA
AmPm7f5f,26,wake,2,zinnia,0,NA
AmPm7f5f,26,wake,1,oranda,0,NA
AmPm7f5f,26,wake,1,protea,1,1647.1
AmPm7f5f,26,sleep,1,serval,0,NA
AmPm7f5f,26,wake,1,trillium,0,NA
AmPm7f5f,26,wake,1,woylie,0,NA
AmPm7f5f,26,wake,1,zinnia,0,NA
AmPm5fb0,16,wake,1,dingo,0,NA
AmPm5fb0,16,wake,1,dorado,0,NA
AmPm5fb0,16,sleep,1,drongo,0,NA
AmPm5fb0,16,sleep,1,galah,0,NA
AmPm5fb0,16,sleep,1,gelada,0,NA
AmPm5fb0,16,sleep,1,hoopoe,0,NA
AmPm5fb0,16,wake,1,agouti,0,NA
AmPm5fb0,16,sleep,1,banyan,0,NA
AmPm5fb0,16,sleep,1,baobab,0,NA
AmPm5fb0,16,wake,1,blenny,0,NA
AmPm5fb0,16,sleep,1,caracal,0,NA
AmPm5fb0,16,sleep,1,deglupta,0,NA
AmPm5fb0,16,wake,1,protea,1,1621.2
AmPm5fb0,16,sleep,1,serval,0,NA
AmPm5fb0,16,wake,1,trillium,0,NA
AmPm5fb0,16,wake,1,woylie,0,NA
AmPm5fb0,16,wake,1,zinnia,0,NA
AmPm5fb0,16,wake,1,komondor,1,1583.9
AmPm5fb0,16,sleep,1,lesula,0,NA
AmPm5fb0,16,wake,1,lycaon,0,NA
AmPm5fb0,16,sleep,1,mandrill,1,NA
AmPm5fb0,16,wake,1,marmot,0,NA
AmPm5fb0,16,sleep,1,oncilla,0,NA
AmPm5fb0,16,wake,1,oranda,0,NA
AmPm5fb0,16,wake,2,agouti,0,NA
AmPm5fb0,16,sleep,2,banyan,0,NA
AmPm5fb0,16,sleep,2,baobab,0,NA
AmPm5fb0,16,wake,2,blenny,0,NA
AmPm5fb0,16,sleep,2,caracal,1,1636.9
AmPm5fb0,16,sleep,2,deglupta,0,NA
AmPm5fb0,16,wake,2,dingo,0,NA
AmPm5fb0,16,wake,2,dorado,0,NA
AmPm5fb0,16,sleep,2,drongo,0,NA
AmPm5fb0,16,sleep,2,galah,1,1583.3
AmPm5fb0,16,sleep,2,gelada,0,NA
AmPm5fb0,16,sleep,2,hoopoe,1,1051
AmPm5fb0,16,wake,2,komondor,1,2198.8
AmPm5fb0,16,sleep,2,lesula,1,3667.5
AmPm5fb0,16,wake,2,lycaon,0,NA
AmPm5fb0,16,sleep,2,mandrill,1,954.1
AmPm5fb0,16,wake,2,marmot,0,NA
AmPm5fb0,16,sleep,2,oncilla,1,1275.5
AmPm5fb0,16,wake,2,oranda,0,NA
AmPm5fb0,16,wake,2,protea,0,NA
AmPm5fb0,16,sleep,2,serval,0,NA
AmPm5fb0,16,wake,2,trillium,0,NA
AmPm5fb0,16,wake,2,woylie,0,NA
AmPm5fb0,16,wake,2,zinnia,0,NA
AmPm68ca,30,sleep,1,baobab,0,NA
AmPm68ca,30,wake,1,blenny,1,1581.6
AmPm68ca,30,wake,1,agouti,0,NA
AmPm68ca,30,sleep,1,banyan,0,NA
AmPm68ca,30,sleep,1,caracal,0,NA
AmPm68ca,30,sleep,1,deglupta,0,NA
AmPm68ca,30,wake,1,dingo,0,NA
AmPm68ca,30,wake,1,dorado,0,NA
AmPm68ca,30,sleep,1,drongo,0,NA
AmPm68ca,30,sleep,1,galah,0,NA
AmPm68ca,30,sleep,1,gelada,0,NA
AmPm68ca,30,sleep,1,hoopoe,1,966.6
AmPm68ca,30,wake,1,komondor,1,2371.5
AmPm68ca,30,sleep,1,lesula,0,NA
AmPm68ca,30,wake,1,lycaon,0,NA
AmPm68ca,30,sleep,1,mandrill,0,NA
AmPm68ca,30,wake,1,marmot,0,NA
AmPm68ca,30,sleep,1,oncilla,0,NA
AmPm68ca,30,wake,1,oranda,0,NA
AmPm68ca,30,wake,1,protea,0,NA
AmPm68ca,30,sleep,1,serval,0,NA
AmPm68ca,30,wake,1,trillium,0,NA
AmPm68ca,30,wake,1,woylie,0,NA
AmPm68ca,30,wake,1,zinnia,0,NA
AmPm68ca,30,wake,2,agouti,1,2693.9
AmPm68ca,30,sleep,2,banyan,0,NA
AmPm68ca,30,sleep,2,baobab,0,NA
AmPm68ca,30,wake,2,blenny,1,1034
AmPm68ca,30,sleep,2,caracal,0,NA
AmPm68ca,30,sleep,2,deglupta,0,NA
AmPm68ca,30,wake,2,dingo,0,NA
AmPm68ca,30,wake,2,dorado,0,NA
AmPm68ca,30,sleep,2,drongo,0,NA
AmPm68ca,30,sleep,2,galah,0,NA
AmPm68ca,30,sleep,2,gelada,0,NA
AmPm68ca,30,sleep,2,hoopoe,1,779.8
AmPm68ca,30,wake,2,komondor,1,847.2
AmPm68ca,30,sleep,2,lesula,0,NA
AmPm68ca,30,wake,2,lycaon,0,NA
AmPm68ca,30,sleep,2,mandrill,1,985.1
AmPm68ca,30,wake,2,marmot,1,1838.9
AmPm68ca,30,sleep,2,oncilla,0,NA
AmPm68ca,30,wake,2,oranda,0,NA
AmPm68ca,30,wake,2,protea,0,NA
AmPm68ca,30,sleep,2,serval,0,NA
AmPm68ca,30,wake,2,trillium,0,NA
AmPm68ca,30,wake,2,woylie,0,NA
AmPm68ca,30,wake,2,zinnia,0,NA
AmPm0a0c,34,sleep,2,agouti,0,NA
AmPm0a0c,34,wake,2,banyan,0,NA
AmPm0a0c,34,sleep,2,blenny,1,1357.1
AmPm0a0c,34,wake,2,caracal,0,NA
AmPm0a0c,34,wake,2,deglupta,0,NA
AmPm0a0c,34,sleep,2,dingo,1,985.5
AmPm0a0c,34,sleep,2,dorado,0,NA
AmPm0a0c,34,wake,2,drongo,0,NA
AmPm0a0c,34,wake,2,galah,0,NA
AmPm0a0c,34,wake,2,gelada,0,NA
AmPm0a0c,34,wake,2,hoopoe,1,1028.9
AmPm0a0c,34,sleep,2,komondor,1,1071.4
AmPm0a0c,34,wake,2,lesula,0,NA
AmPm0a0c,34,sleep,2,lycaon,0,NA
AmPm0a0c,34,wake,2,mandrill,1,950.5
AmPm0a0c,34,sleep,2,marmot,0,NA
AmPm0a0c,34,wake,2,oncilla,0,NA
AmPm0a0c,34,sleep,2,oranda,1,1178.6
AmPm0a0c,34,wake,2,serval,1,1128
AmPm0a0c,34,sleep,2,protea,0,NA
AmPm0a0c,34,sleep,1,agouti,0,NA
AmPm0a0c,34,wake,1,banyan,0,NA
AmPm0a0c,34,sleep,1,blenny,1,3656.5
AmPm0a0c,34,wake,1,caracal,1,2619
AmPm0a0c,34,wake,1,deglupta,0,NA
AmPm0a0c,34,sleep,1,dingo,1,864.9
AmPm0a0c,34,sleep,1,dorado,0,NA
AmPm0a0c,34,wake,1,drongo,0,NA
AmPm0a0c,34,wake,1,galah,0,NA
AmPm0a0c,34,wake,1,gelada,0,NA
AmPm0a0c,34,wake,1,hoopoe,1,785.1
AmPm0a0c,34,sleep,1,komondor,1,1098.2
AmPm0a0c,34,wake,1,lesula,0,NA
AmPm0a0c,34,sleep,1,lycaon,0,NA
AmPm0a0c,34,wake,1,mandrill,1,680.3
AmPm0a0c,34,sleep,1,marmot,0,NA
AmPm0a0c,34,wake,1,oncilla,1,1341.3
AmPm0a0c,34,sleep,1,oranda,0,NA
AmPm0a0c,34,sleep,1,protea,0,NA
AmPm0a0c,34,wake,1,serval,1,3763.5
AmPm0a0c,34,sleep,1,trillium,1,4625.9
AmPm0a0c,34,sleep,1,woylie,1,1343
AmPm0a0c,34,sleep,1,zinnia,0,NA
AmPm0a0c,34,sleep,2,trillium,0,NA
AmPm0a0c,34,sleep,2,woylie,1,1023.2
AmPm0a0c,34,sleep,2,zinnia,0,NA
AmPmc0a3,34,wake,1,oncilla,0,NA
AmPmc0a3,34,sleep,1,oranda,1,2670.5
AmPmc0a3,34,sleep,1,protea,0,NA
AmPmc0a3,34,sleep,1,zinnia,0,NA
AmPmc0a3,34,wake,2,deglupta,0,NA
AmPmc0a3,34,sleep,2,dingo,1,968.5
AmPmc0a3,34,sleep,2,dorado,0,NA
AmPmc0a3,34,wake,2,drongo,0,NA
AmPmc0a3,34,wake,2,galah,0,NA
AmPmc0a3,34,wake,2,gelada,0,NA
AmPmc0a3,34,wake,1,serval,0,NA
AmPmc0a3,34,sleep,1,trillium,0,NA
AmPmc0a3,34,sleep,1,woylie,1,1184.8
AmPmc0a3,34,sleep,1,agouti,0,NA
AmPmc0a3,34,wake,1,banyan,0,NA
AmPmc0a3,34,wake,1,baobab,0,NA
AmPmc0a3,34,sleep,1,blenny,0,NA
AmPmc0a3,34,wake,1,caracal,0,NA
AmPmc0a3,34,wake,1,deglupta,0,NA
AmPmc0a3,34,sleep,1,dingo,1,1063.8
AmPmc0a3,34,sleep,1,dorado,0,NA
AmPmc0a3,34,wake,1,drongo,0,NA
AmPmc0a3,34,wake,1,galah,0,NA
AmPmc0a3,34,wake,1,gelada,0,NA
AmPmc0a3,34,wake,1,hoopoe,0,NA
AmPmc0a3,34,sleep,1,komondor,1,1125.1
AmPmc0a3,34,wake,1,lesula,0,NA
AmPmc0a3,34,sleep,1,lycaon,0,NA
AmPmc0a3,34,wake,1,mandrill,0,NA
AmPmc0a3,34,sleep,1,marmot,0,NA
AmPmc0a3,34,sleep,2,agouti,0,NA
AmPmc0a3,34,wake,2,banyan,0,NA
AmPmc0a3,34,wake,2,baobab,0,NA
AmPmc0a3,34,sleep,2,blenny,1,1986.4
AmPmc0a3,34,wake,2,caracal,0,NA
AmPmc0a3,34,sleep,2,marmot,0,NA
AmPmc0a3,34,wake,2,oncilla,0,NA
AmPmc0a3,34,sleep,2,oranda,0,NA
AmPmc0a3,34,sleep,2,protea,1,1322.1
AmPmc0a3,34,wake,2,serval,0,NA
AmPmc0a3,34,sleep,2,trillium,1,938.8
AmPmc0a3,34,sleep,2,woylie,1,1507.9
AmPmc0a3,34,wake,2,mandrill,0,NA
AmPmc0a3,34,wake,2,hoopoe,0,NA
AmPmc0a3,34,sleep,2,komondor,1,969.4
AmPmc0a3,34,wake,2,lesula,0,NA
AmPmc0a3,34,sleep,2,zinnia,0,NA
AmPmc0a3,34,sleep,2,lycaon,1,1523.8
AmPm8693,34,sleep,1,agouti,0,NA
AmPm8693,34,wake,1,banyan,0,NA
AmPm8693,34,wake,1,baobab,1,875
AmPm8693,34,sleep,1,blenny,0,NA
AmPm8693,34,wake,1,caracal,0,NA
AmPm8693,34,wake,1,deglupta,0,NA
AmPm8693,34,sleep,1,dingo,1,3075.4
AmPm8693,34,sleep,1,dorado,0,NA
AmPm8693,34,wake,1,drongo,0,NA
AmPm8693,34,wake,1,galah,1,1605.7
AmPm8693,34,wake,1,gelada,0,NA
AmPm8693,34,wake,1,hoopoe,1,812.1
AmPm8693,34,sleep,1,komondor,0,NA
AmPm8693,34,wake,1,lesula,0,NA
AmPm8693,34,sleep,1,lycaon,0,NA
AmPm8693,34,wake,1,mandrill,1,1827.7
AmPm8693,34,sleep,1,marmot,0,NA
AmPm8693,34,wake,1,oncilla,0,NA
AmPm8693,34,sleep,1,oranda,0,NA
AmPm8693,34,sleep,1,protea,0,NA
AmPm8693,34,wake,1,serval,0,NA
AmPm8693,34,sleep,1,trillium,1,1343.7
AmPm8693,34,sleep,1,woylie,0,NA
AmPm8693,34,sleep,2,agouti,1,799.6
AmPm8693,34,wake,2,banyan,0,NA
AmPm8693,34,wake,2,baobab,1,986.4
AmPm8693,34,sleep,2,blenny,1,826.2
AmPm8693,34,wake,2,caracal,0,NA
AmPm8693,34,wake,2,deglupta,0,NA
AmPm8693,34,sleep,2,dingo,1,808.8
AmPm8693,34,sleep,2,dorado,0,NA
AmPm8693,34,wake,2,drongo,0,NA
AmPm8693,34,wake,2,galah,1,1649.4
AmPm8693,34,wake,2,gelada,0,NA
AmPm8693,34,wake,2,hoopoe,1,743.2
AmPm8693,34,sleep,2,komondor,1,823.1
AmPm8693,34,wake,2,lesula,0,NA
AmPm8693,34,sleep,2,lycaon,0,NA
AmPm8693,34,wake,2,mandrill,1,1154.2
AmPm8693,34,sleep,2,marmot,0,NA
AmPm8693,34,wake,2,oncilla,0,NA
AmPm8693,34,sleep,2,oranda,1,966
AmPm8693,34,sleep,2,protea,0,NA
AmPm8693,34,wake,2,serval,0,NA
AmPm8693,34,sleep,2,trillium,1,721.1
AmPm8693,34,sleep,2,woylie,1,1843.5
AmPm8693,34,sleep,2,zinnia,1,1717.8
AmPm8693,34,sleep,1,zinnia,0,NA
AmPmfda0,19,sleep,1,agouti,0,NA
AmPmfda0,19,wake,1,banyan,0,NA
AmPmfda0,19,wake,1,baobab,0,NA
AmPmfda0,19,sleep,1,blenny,0,NA
AmPmfda0,19,wake,1,caracal,0,NA
AmPmfda0,19,wake,1,deglupta,0,NA
AmPmfda0,19,sleep,1,dingo,0,NA
AmPmfda0,19,sleep,1,dorado,0,NA
AmPmfda0,19,wake,1,drongo,0,NA
AmPmfda0,19,wake,1,galah,0,NA
AmPmfda0,19,wake,1,gelada,0,NA
AmPmfda0,19,wake,1,hoopoe,0,NA
AmPmfda0,19,sleep,1,komondor,0,NA
AmPmfda0,19,wake,1,lesula,0,NA
AmPmfda0,19,sleep,1,lycaon,0,NA
AmPmfda0,19,wake,1,mandrill,0,NA
AmPmfda0,19,wake,1,oncilla,0,NA
AmPmfda0,19,sleep,1,oranda,1,NA
AmPmfda0,19,sleep,1,protea,0,NA
AmPmfda0,19,wake,1,serval,0,NA
AmPmfda0,19,sleep,1,trillium,0,NA
AmPmfda0,19,sleep,1,woylie,0,NA
AmPmfda0,19,sleep,1,zinnia,0,NA
AmPmfda0,19,wake,2,deglupta,0,NA
AmPmfda0,19,sleep,2,dingo,0,NA
AmPmfda0,19,sleep,2,dorado,0,NA
AmPmfda0,19,wake,2,drongo,0,NA
AmPmfda0,19,wake,2,galah,0,NA
AmPmfda0,19,wake,2,gelada,0,NA
AmPmfda0,19,wake,2,hoopoe,1,1487.8
AmPmfda0,19,sleep,2,komondor,1,879.8
AmPmfda0,19,wake,2,lesula,0,NA
AmPmfda0,19,sleep,2,lycaon,0,NA
AmPmfda0,19,wake,2,mandrill,0,NA
AmPmfda0,19,sleep,2,marmot,0,NA
AmPmfda0,19,wake,2,oncilla,0,NA
AmPmfda0,19,sleep,2,oranda,0,NA
AmPmfda0,19,sleep,2,protea,0,NA
AmPmfda0,19,wake,2,serval,0,NA
AmPmfda0,19,sleep,2,trillium,1,1060.1
AmPmfda0,19,sleep,2,woylie,0,NA
AmPmfda0,19,sleep,2,zinnia,0,NA
AmPmfda0,19,sleep,1,marmot,0,NA
AmPmfda0,19,sleep,2,agouti,0,NA
AmPmfda0,19,wake,2,banyan,0,NA
AmPmfda0,19,wake,2,baobab,0,NA
AmPmfda0,19,sleep,2,blenny,0,NA
AmPmfda0,19,wake,2,caracal,0,NA
AmPme381,16,sleep,1,lesula,0,NA
AmPme381,16,sleep,1,mandrill,1,1746.7
AmPme381,16,sleep,1,oncilla,0,NA
AmPme381,16,sleep,1,serval,0,NA
AmPme381,16,sleep,1,deglupta,0,NA
AmPme381,16,sleep,1,drongo,0,NA
AmPme381,16,sleep,1,galah,0,NA
AmPme381,16,sleep,1,gelada,0,NA
AmPme381,16,sleep,1,hoopoe,0,NA
AmPme381,16,sleep,1,banyan,0,NA
AmPme381,16,sleep,1,baobab,0,NA
AmPme381,16,sleep,1,caracal,0,NA
AmPme381,16,wake,2,woylie,0,NA
AmPme381,16,wake,2,zinnia,0,NA
AmPme381,16,sleep,2,gelada,0,NA
AmPme381,16,sleep,2,hoopoe,0,NA
AmPme381,16,wake,2,komondor,0,NA
AmPme381,16,sleep,2,lesula,0,NA
AmPme381,16,wake,2,blenny,0,NA
AmPme381,16,sleep,2,caracal,0,NA
AmPme381,16,sleep,2,deglupta,0,NA
AmPme381,16,wake,2,dingo,1,5376.6
AmPme381,16,wake,2,dorado,0,NA
AmPme381,16,sleep,2,drongo,0,NA
AmPme381,16,sleep,2,galah,0,NA
AmPme381,16,wake,2,lycaon,0,NA
AmPme381,16,sleep,2,mandrill,1,1109.7
AmPme381,16,wake,2,marmot,0,NA
AmPme381,16,sleep,2,oncilla,0,NA
AmPme381,16,wake,2,oranda,0,NA
AmPme381,16,wake,2,protea,0,NA
AmPme381,16,sleep,2,serval,0,NA
AmPme381,16,wake,2,trillium,1,1381.4
AmPme381,16,wake,2,agouti,0,NA
AmPme381,16,sleep,2,banyan,0,NA
AmPme381,16,sleep,2,baobab,0,NA
AmPm6d4c,20,sleep,2,serval,1,1149.7
AmPm6d4c,20,sleep,2,oncilla,0,NA
AmPm6d4c,20,wake,2,oranda,0,NA
AmPm6d4c,20,wake,2,protea,0,NA
AmPm6d4c,20,wake,2,zinnia,0,NA
AmPm6d4c,20,sleep,2,mandrill,0,NA
AmPm6d4c,20,wake,2,marmot,0,NA
AmPm6d4c,20,sleep,1,serval,0,NA
AmPm6d4c,20,wake,1,trillium,1,2365.9
AmPm6d4c,20,wake,1,woylie,0,NA
AmPm6d4c,20,wake,1,zinnia,0,NA
AmPm6d4c,20,wake,2,trillium,0,NA
AmPm6d4c,20,wake,2,woylie,0,NA
AmPm6d4c,20,wake,1,agouti,0,NA
AmPm6d4c,20,sleep,1,banyan,0,NA
AmPm6d4c,20,sleep,1,baobab,1,NA
AmPm6d4c,20,wake,1,blenny,0,NA
AmPm6d4c,20,sleep,1,caracal,0,NA
AmPm6d4c,20,sleep,1,deglupta,0,NA
AmPm6d4c,20,wake,1,dingo,0,NA
AmPm6d4c,20,wake,1,dorado,0,NA
AmPm6d4c,20,sleep,1,drongo,0,NA
AmPm6d4c,20,sleep,1,galah,1,1506.8
AmPm6d4c,20,sleep,1,gelada,0,NA
AmPm6d4c,20,sleep,1,hoopoe,0,NA
AmPm6d4c,20,wake,1,komondor,1,1377.6
AmPm6d4c,20,sleep,1,lesula,0,NA
AmPm6d4c,20,wake,1,lycaon,0,NA
AmPm6d4c,20,sleep,1,mandrill,0,NA
AmPm6d4c,20,wake,1,marmot,0,NA
AmPm6d4c,20,sleep,1,oncilla,0,NA
AmPm6d4c,20,wake,1,oranda,0,NA
AmPm6d4c,20,wake,1,protea,0,NA
AmPm6d4c,20,wake,2,agouti,0,NA
AmPm6d4c,20,sleep,2,banyan,0,NA
AmPm6d4c,20,sleep,2,baobab,1,NA
AmPm6d4c,20,wake,2,blenny,1,5387.8
AmPm6d4c,20,sleep,2,caracal,0,NA
AmPm6d4c,20,sleep,2,deglupta,1,1106.9
AmPm6d4c,20,wake,2,dingo,0,NA
AmPm6d4c,20,wake,2,dorado,0,NA
AmPm6d4c,20,sleep,2,drongo,0,NA
AmPm6d4c,20,sleep,2,galah,0,NA
AmPm6d4c,20,sleep,2,gelada,0,NA
AmPm6d4c,20,sleep,2,hoopoe,0,NA
AmPm6d4c,20,wake,2,komondor,1,1320.9
AmPm6d4c,20,sleep,2,lesula,0,NA
AmPm6d4c,20,wake,2,lycaon,0,NA